key,region,description,easting,northing,latitude,longitude,url
H429F,Hong Kong Island,Aberdeen Praya Road near Fish Market,833514,812196,22.2485255,114.1501576,http://tdcctv.data.one.gov.hk/H429F.JPG
H210F,Hong Kong Island,Aberdeen Tunnel - Wan Chai Side,836504,815117,22.27490622,114.1791642,http://tdcctv.data.one.gov.hk/H210F.JPG
H421F,Hong Kong Island,Aberdeen Tunnel - Aberdeen Side,836245,812386,22.25024351,114.1766512,http://tdcctv.data.one.gov.hk/H421F.JPG
H422F2,Hong Kong Island,Ap Lei Chau Bridge Road near Aberdeen Police Station,834632,812129,22.24792186,114.1610034,http://tdcctv.data.one.gov.hk/H422F2.JPG
H904F,Hong Kong Island,Canal Road Flyover near Gloucester Road,836731,815614,22.2793944,114.1813669,http://tdcctv.data.one.gov.hk/H904F.JPG
H216F,Hong Kong Island,Canal Road Flyover near Time Square,836735,815604,22.27930409,114.1814057,http://tdcctv.data.one.gov.hk/H216F.JPG
H305F,Hong Kong Island,Causeway Road near Hing Fat Street,837747,815875,22.28175082,114.1912256,http://tdcctv.data.one.gov.hk/H305F.JPG
H106F,Hong Kong Island,Connaught Road Central near Exchange Square,834091,816342,22.2859674,114.1557495,http://tdcctv.data.one.gov.hk/H106F.JPG
H110F,Hong Kong Island,Connaught Road Central near Shun Tak Centre,833910,816444,22.28688829,114.153993,http://tdcctv.data.one.gov.hk/H110F.JPG
H138F,Hong Kong Island,Cotton Tree Drive near Hong Kong Park Sports Centre,834492,815425,22.27768676,114.1596417,http://tdcctv.data.one.gov.hk/H138F.JPG
H207F,Hong Kong Island,Cross Harbour Tunnel Hong Kong Side,836788,815823,22.28128179,114.1819201,http://tdcctv.data.one.gov.hk/H207F.JPG
H204F,Hong Kong Island,Fleming Road near Harbour Road,836018,815741,22.28054134,114.1744485,http://tdcctv.data.one.gov.hk/H204F.JPG
H222F,Hong Kong Island,Gloucester Road near Sun Hung Kai Center,836234,815649,22.27971054,114.1765444,http://tdcctv.data.one.gov.hk/H222F.JPG
H215F,Hong Kong Island,Gloucester Road near Wan Chai Interchange,836496,815859,22.28160696,114.1790867,http://tdcctv.data.one.gov.hk/H215F.JPG
H214F,Hong Kong Island,Harcourt Road near Red Cross Headquarter,835411,815661,22.27981869,114.1685587,http://tdcctv.data.one.gov.hk/H214F.JPG
H201F,Hong Kong Island,Hennessy Road near Arsenal Street,835405,815441,22.27783195,114.1685006,http://tdcctv.data.one.gov.hk/H201F.JPG
H802F,Hong Kong Island,Island Eastern Corridor near Hoi Yu Street,839884,816907,22.29106727,114.2119641,http://tdcctv.data.one.gov.hk/H802F.JPG
H801F,Hong Kong Island,Island Eastern Corridor near Ka Wah Centre,839208,817233,22.29401254,114.2054047,http://tdcctv.data.one.gov.hk/H801F.JPG
H803F,Hong Kong Island,Island Eastern Corridor near Quarry Bay Park,840830,816597,22.28826553,114.2211432,http://tdcctv.data.one.gov.hk/H803F.JPG
H307F,Hong Kong Island,King's Road near Tin Chong Street,838164,816813,22.29022115,114.195273,http://tdcctv.data.one.gov.hk/H307F.JPG
H903F,Hong Kong Island,Morrison Hill Road near Sports Road,836678,815209,22.27573701,114.1808526,http://tdcctv.data.one.gov.hk/H903F.JPG
H107F,Hong Kong Island,Pedder Street,834227,815839,22.28142516,114.1570698,http://tdcctv.data.one.gov.hk/H107F.JPG
H130F,Hong Kong Island,Pok Fu Lam Road near Pokfield Road,831675,815880,22.28179051,114.1323068,http://tdcctv.data.one.gov.hk/H130F.JPG
H132F2,Hong Kong Island,Pok Fu Lam Road near Smithfield Road,831527,815414,22.27758183,114.130872,http://tdcctv.data.one.gov.hk/H132F2.JPG
H109F,Hong Kong Island,Queen's Road Central near Garden Road,834701,815662,22.27982723,114.1616694,http://tdcctv.data.one.gov.hk/H109F.JPG
H108F,Hong Kong Island,Queen's Road Central near Ice House Street,834287,815722,22.28036864,114.1576522,http://tdcctv.data.one.gov.hk/H108F.JPG
H209F,Hong Kong Island,Queen's Road East near Stubbs Road,836422,815132,22.27504169,114.1783686,http://tdcctv.data.one.gov.hk/H209F.JPG
H422F1,Hong Kong Island,Wong Chuk Hang Road near Aberdeen Technical School,834642,812169,22.24828309,114.1611004,http://tdcctv.data.one.gov.hk/H422F1.JPG
H401F,Hong Kong Island,Wong Chuk Hang Road near Aberdeen Tunnel,835631,812421,22.25055947,114.1706947,http://tdcctv.data.one.gov.hk/H401F.JPG
H203F,Hong Kong Island,Yee Wo Street near Hennessy Road,837066,815694,22.28011673,114.1846175,http://tdcctv.data.one.gov.hk/H203F.JPG
K202F,Kowloon,Argyle Street near Yim Po Fong Street,835849,820090,22.31981545,114.1728075,http://tdcctv.data.one.gov.hk/K202F.JPG
K209F,Kowloon,Boundary Street near Tai Hang Tung Road,835772,820842,22.32660644,114.17206,http://tdcctv.data.one.gov.hk/K209F.JPG
K104F,Kowloon,Canton Road near China HK City,835363,818037,22.30127544,114.1680916,http://tdcctv.data.one.gov.hk/K104F.JPG
K106F,Kowloon,Chatham Road near Austin Road,836309,818195,22.30270251,114.1772723,http://tdcctv.data.one.gov.hk/K106F.JPG
K109F,Kowloon,Chatham Road near Princess Margaret Road,836469,818513,22.30557423,114.1788251,http://tdcctv.data.one.gov.hk/K109F.JPG
K221F,Kowloon,Cherry Street near Hoi Wang Road,834894,819923,22.31830685,114.1635385,http://tdcctv.data.one.gov.hk/K221F.JPG
K305F,Kowloon,Cheung Sha Wan Road near Kwong Cheung Street,833695,822178,22.33866944,114.1518975,http://tdcctv.data.one.gov.hk/K305F.JPG
K802F,Kowloon,Ching Cheung Road near Caritas Medical Center,834032,822663,22.34304974,114.1551682,http://tdcctv.data.one.gov.hk/K802F.JPG
TK110F,Kowloon,Chui Ling Road near Po Shun Road,844258,818452,22.30500482,114.2544171,http://tdcctv.data.one.gov.hk/TK110F.JPG
K627F,Kowloon,Clear Water Bay Road near Fei Ngo Shan Road,840913,821603,22.3334725,114.2219631,http://tdcctv.data.one.gov.hk/K627F.JPG
K107F,Kowloon,Cross Harbour Tunnel Kowloon Side,836649,818128,22.30209742,114.1805719,http://tdcctv.data.one.gov.hk/K107F.JPG
K108F,Kowloon,Jordan Road near Ferry Street,835229,818538,22.3057997,114.1667908,http://tdcctv.data.one.gov.hk/K108F.JPG
K613F,Kowloon,Kai Cheung Road near Wang Chiu Road,839556,820704,22.32535714,114.2087889,http://tdcctv.data.one.gov.hk/K613F.JPG
K404F,Kowloon,Kai Tak Tunnel Kowloon City Side,837362,819451,22.3140446,114.1874923,http://tdcctv.data.one.gov.hk/K404F.JPG
K325F,Kowloon,Kwai Chung Road near Mei Fo Sun Chuen,832714,822008,22.3371325,114.142375,http://tdcctv.data.one.gov.hk/K325F.JPG
K814F,Kowloon,Kwun Tong Bypass near Kai Cheung Road,839090,820746,22.32573725,114.2042658,http://tdcctv.data.one.gov.hk/K814F.JPG
K812F,Kowloon,Kwun Tong Bypass near Laguna City,841692,818908,22.30913278,114.2295157,http://tdcctv.data.one.gov.hk/K812F.JPG
K813F,Kowloon,Kwun Tong Bypass near Lai Yip Street,840447,819259,22.31230599,114.2174335,http://tdcctv.data.one.gov.hk/K813F.JPG
K621F,Kowloon,Kwun Tong Road near Kai Yip Estate,839759,821165,22.32951984,114.2107603,http://tdcctv.data.one.gov.hk/K621F.JPG
K809F2,Kowloon,Kwun Tong Road near Kowloon Bay MTR Station,840179,820053,22.31947692,114.2148344,http://tdcctv.data.one.gov.hk/K809F2.JPG
K810F,Kowloon,Kwun Tong Road near Ngua Tau Kok MTR Station,840705,819518,22.31464427,114.2199383,http://tdcctv.data.one.gov.hk/K810F.JPG
K602F,Kowloon,Lei Yue Mun Road near Cha Kwo Ling Road,841668,819019,22.31013525,114.2292831,http://tdcctv.data.one.gov.hk/K602F.JPG
K804F,Kowloon,Lung Cheung Road near Chak On Estate,835019,822557,22.3420935,114.1647497,http://tdcctv.data.one.gov.hk/K804F.JPG
K505F,Kowloon,Lung Cheung Road/Chuk Yuen Road,837063,822647,22.34290651,114.1845919,http://tdcctv.data.one.gov.hk/K505F.JPG
K614F,Kowloon,Lung Cheung Road/Clear Water Bay Road,839525,821661,22.33399946,114.20849,http://tdcctv.data.one.gov.hk/K614F.JPG
K508F,Kowloon,Lung Cheung Road/Po Kong Village Road,838544,822490,22.34148739,114.1989686,http://tdcctv.data.one.gov.hk/K508F.JPG
K405F,Kowloon,Ma Tau Wai Road near Farm Road,837356,820351,22.32217214,114.1874347,http://tdcctv.data.one.gov.hk/K405F.JPG
K205F,Kowloon,Nathan Road near Lai Chi Kok Road,835419,820366,22.32230774,114.1686338,http://tdcctv.data.one.gov.hk/K205F.JPG
TK101F,Kowloon,Po Lam Road North near Po Hong Road,843921,820782,22.32604763,114.2511576,http://tdcctv.data.one.gov.hk/TK101F.JPG
TK105F,Kowloon,Po Shun Road near Tseung Kwan O Swimming Pool,845001,819909,22.31815879,114.2616358,http://tdcctv.data.one.gov.hk/TK105F.JPG
K506F,Kowloon,Prince Edward Rd W Flyover nr Olympic Garden,837681,820963,22.32769862,114.1905897,http://tdcctv.data.one.gov.hk/K506F.JPG
K521F,Kowloon,Prince Edward Road East near San Po Kong,838251,821503,22.33257458,114.1961231,http://tdcctv.data.one.gov.hk/K521F.JPG
K123F,Kowloon,Princess Margaret Road near King's Park,836378,819097,22.31084812,114.1779419,http://tdcctv.data.one.gov.hk/K123F.JPG
K409F,Kowloon,Princess Margaret Road/Argyle Street,836389,820253,22.32128749,114.1780488,http://tdcctv.data.one.gov.hk/K409F.JPG
K408F,Kowloon,Princess Margaret Road/Pui Ching Road,836443,819808,22.31726887,114.1785729,http://tdcctv.data.one.gov.hk/K408F.JPG
K102F,Kowloon,Salisbury Road near Chatham Road,836113,817406,22.29557735,114.1753702,http://tdcctv.data.one.gov.hk/K102F.JPG
K101F,Kowloon,Salisbury Road near Nathan Road,835826,817296,22.29458393,114.1725851,http://tdcctv.data.one.gov.hk/K101F.JPG
K607F,Kowloon,Sau Mau Ping Road near Hip Wo Street,841318,820555,22.32400731,114.2258911,http://tdcctv.data.one.gov.hk/K607F.JPG
K811F,Kowloon,Tseung Kwan O Road near Tsui Ping South Estate,842169,819236,22.31209325,114.2341463,http://tdcctv.data.one.gov.hk/K811F.JPG
TK904F,Kowloon,Tseung Kwan O Tunnel - Tseung Kwan O Side,844594,819819,22.31734805,114.2576851,http://tdcctv.data.one.gov.hk/TK904F.JPG
K111F,Kowloon,Waterloo Road / Ferry Street,835240,819243,22.31216628,114.1668971,http://tdcctv.data.one.gov.hk/K111F.JPG
K112F,Kowloon,Waterloo Road near Tung Fong Street,835730,819355,22.31317793,114.1716528,http://tdcctv.data.one.gov.hk/K112F.JPG
K502F,Kowloon,Waterloo Road/Cornwall Street,836493,822341,22.34014333,114.1790585,http://tdcctv.data.one.gov.hk/K502F.JPG
K816F,Kowloon,West Kowloon Corridor near Nam Cheong Estate,834718,820669,22.32504352,114.1618295,http://tdcctv.data.one.gov.hk/K816F.JPG
K914F,Kowloon,West Kowloon Highway near Lai Wan Interchange,832752,821317,22.33089245,114.1427454,http://tdcctv.data.one.gov.hk/K914F.JPG
K911F,Kowloon,West Kowloon Hwy - Yau Ma Tei Interchange N,834682,819489,22.31438739,114.1614812,http://tdcctv.data.one.gov.hk/K911F.JPG
TW117F,Tsuen Wan,Castle Peak Road near Texaco Road North,830767,825671,22.37020629,114.1234625,http://tdcctv.data.one.gov.hk/TW117F.JPG
TW109F,Tsuen Wan,Castle Peak Road near Wo Yi Hop Road,831994,825082,22.3648908,114.1353776,http://tdcctv.data.one.gov.hk/TW109F.JPG
SM936F,Tsuen Wan,Cheung Pei Shan Road,830725,826372,22.37653656,114.1230523,http://tdcctv.data.one.gov.hk/SM936F.JPG
TC101F,Tsuen Wan,Cheung Tsing Bridge,829537,823284,22.34864601,114.1115299,http://tdcctv.data.one.gov.hk/TC101F.JPG
TC302F,Tsuen Wan,Cheung Tsing Highway near Kam Chuk Kok,827653,822851,22.34472737,114.0932424,http://tdcctv.data.one.gov.hk/TC302F.JPG
TW102F,Tsuen Wan,Kwai Chung Road near Container Terminal,831769,822260,22.339406,114.133201,http://tdcctv.data.one.gov.hk/TW102F.JPG
TW108F,Tsuen Wan,Kwai Chung Road near Kwai Hing MTR Station,831601,824630,22.36080797,114.1315632,http://tdcctv.data.one.gov.hk/TW108F.JPG
TW105F,Tsuen Wan,Kwai Tsing Road near Tsing Yi Bridge,830732,824014,22.35524257,114.1231284,http://tdcctv.data.one.gov.hk/TW105F.JPG
TW116F,Tsuen Wan,Texaco Road Flyover near Sha Tsui Road,830581,825314,22.36698179,114.1216578,http://tdcctv.data.one.gov.hk/TW116F.JPG
TC104F,Tsuen Wan,Tsing Kwai Highway Near Container Port 4,831659,822161,22.33851168,114.1321335,http://tdcctv.data.one.gov.hk/TC104F.JPG
TW121F,Tsuen Wan,Tsing Kwai Highway/Cheung Tsing Tunnel,829371,823273,22.34854601,114.1099184,http://tdcctv.data.one.gov.hk/TW121F.JPG
TW120F,Tsuen Wan,Tsuen Wan Road near Tai Chung Road,829229,825665,22.3701465,114.1085293,http://tdcctv.data.one.gov.hk/TW120F.JPG
TW103F,Tsuen Wan,Tsuen Wan Road near Tsuen Tsing Interchange,830302,824759,22.36196889,114.118951,http://tdcctv.data.one.gov.hk/TW103F.JPG
TW112F,Tsuen Wan,Wo Yi Hop Road near Lei Shu Road,832089,825920,22.37245862,114.1362978,http://tdcctv.data.one.gov.hk/TW112F.JPG
TI101F,Tuen Mun & Tin Shui Wai,Castle Peak Road near Hung Shui Kiu,818116,832960,22.43594219,114.0005451,http://tdcctv.data.one.gov.hk/TI101F.JPG
YL111F,Tuen Mun & Tin Shui Wai,Castle Peak Road near Pok Oi Interchange,821778,833921,22.44465535,114.0361091,http://tdcctv.data.one.gov.hk/YL111F.JPG
YL106F,Tuen Mun & Tin Shui Wai,Castle Peak Road nearYuen Long,821374,833889,22.44436291,114.0321847,http://tdcctv.data.one.gov.hk/YL106F.JPG
YL101F,Tuen Mun & Tin Shui Wai,Long Tin Road near Long Ping Road,819768,834117,22.44640711,114.0165806,http://tdcctv.data.one.gov.hk/YL101F.JPG
TM103F,Tuen Mun & Tin Shui Wai,Lung Mun Road near Tuen Mun Recreation and Sports Centre,814386,827143,22.38336855,113.9643918,http://tdcctv.data.one.gov.hk/TM103F.JPG
RT115F,Tuen Mun & Tin Shui Wai,Lung Mun Road near Wu Chui Road,813947,826346,22.37616562,113.9601401,http://tdcctv.data.one.gov.hk/RT115F.JPG
TM118F,Tuen Mun & Tin Shui Wai,Pui To Road near Tuen Mun Park,815440,828325,22.39405567,113.974611,http://tdcctv.data.one.gov.hk/TM118F.JPG
TC604F,Tuen Mun & Tin Shui Wai,Ting Kau Bridge,826472,824576,22.36029874,114.081767,http://tdcctv.data.one.gov.hk/TC604F.JPG
TR101F,Tuen Mun & Tin Shui Wai,Tuen Mun Road - Chai Wan Kok,828660,826100,22.37407235,114.1030026,http://tdcctv.data.one.gov.hk/TR101F.JPG
TR111F,Tuen Mun & Tin Shui Wai,Tuen Mun Road - near Tsing Lung Tau,822340,825085,22.36486675,114.0416459,http://tdcctv.data.one.gov.hk/TR111F.JPG
TR704F,Tuen Mun & Tin Shui Wai,Tuen Mun Road near Tsing Yin Street,815631,828770,22.39807653,113.9764601,http://tdcctv.data.one.gov.hk/TR704F.JPG
TR119F,Tuen Mun & Tin Shui Wai,Tuen Mun Road - Sam Shing Hui,816012,827115,22.38313566,113.9801811,http://tdcctv.data.one.gov.hk/TR119F.JPG
TR108F,Tuen Mun & Tin Shui Wai,Tuen Mun Road - Sham Tseng Interchange,824432,825594,22.36947897,114.0619535,http://tdcctv.data.one.gov.hk/TR108F.JPG
TR107F,Tuen Mun & Tin Shui Wai,Tuen Mun Road - Sham Tseng Section,825207,825163,22.36559198,114.0694813,http://tdcctv.data.one.gov.hk/TR107F.JPG
TR116F,Tuen Mun & Tin Shui Wai,Tuen Mun Road - Siu Lam Section,818269,825371,22.36741164,114.002117,http://tdcctv.data.one.gov.hk/TR116F.JPG
TR114F,Tuen Mun & Tin Shui Wai,Tuen Mun Road - Tai Lam Kok Section,820023,824347,22.35818188,114.0191574,http://tdcctv.data.one.gov.hk/TR114F.JPG
TR105F,Tuen Mun & Tin Shui Wai,Tuen Mun Road - Ting Kau Section,826054,825794,22.37129549,114.0777009,http://tdcctv.data.one.gov.hk/TR105F.JPG
TR103F,Tuen Mun & Tin Shui Wai,Tuen Mun Road - Yau Kom Tau Section,827318,825687,22.37033628,114.0899744,http://tdcctv.data.one.gov.hk/TR103F.JPG
TC612F,Tuen Mun & Tin Shui Wai,Tuen Mun Road to Ting Kau Bridge,825644,825694,22.37038995,114.0737207,http://tdcctv.data.one.gov.hk/TC612F.JPG
RT116F,Tuen Mun & Tin Shui Wai,Wong Chu Road near Tuen Mun Heung Sze Wui Road,815482,827380,22.38552239,113.9750312,http://tdcctv.data.one.gov.hk/RT116F.JPG
TM101F,Tuen Mun & Tin Shui Wai,Wu Chui Road near Wu King Road,814490,826040,22.37340927,113.9654167,http://tdcctv.data.one.gov.hk/TM101F.JPG
SW109F,Tuen Mun & Tin Shui Wai,Yuen Long Highway near Hung Tin Road,818174,832088,22.42806827,114.0011184,http://tdcctv.data.one.gov.hk/SW109F.JPG
SW113F,Tuen Mun & Tin Shui Wai,Yuen Long Highway near Pok Oi Interchange,822099,833779,22.44337572,114.0392287,http://tdcctv.data.one.gov.hk/SW113F.JPG
SW112F,Tuen Mun & Tin Shui Wai,Yuen Long Highway near Shap Pat Heung,821323,832721,22.43381492,114.0317002,http://tdcctv.data.one.gov.hk/SW112F.JPG
SW111F,Tuen Mun & Tin Shui Wai,Yuen Long Highway near Tong Yan San Tsuen Interchange,819498,833200,22.43812359,114.0139673,http://tdcctv.data.one.gov.hk/SW111F.JPG
BC702F,"Tai Po, North & Yuen Long",Castle Peak Road near Mai Po,824086,838533,22.4863216,114.0584951,http://tdcctv.data.one.gov.hk/BC702F.JPG
FH711F,"Tai Po, North & Yuen Long",Fanling Highway near Hong Lok Yuen,833539,836231,22.46557484,114.1503591,http://tdcctv.data.one.gov.hk/FH711F.JPG
TP113F,"Tai Po, North & Yuen Long",Fanling Highway near Hong Lok Yuen Road,833389,835907,22.46264873,114.1489023,http://tdcctv.data.one.gov.hk/TP113F.JPG
FH104F,"Tai Po, North & Yuen Long",Fanling Highway near Kwu Tung,827843,840492,22.5040348,114.0949935,http://tdcctv.data.one.gov.hk/FH104F.JPG
FH107F,"Tai Po, North & Yuen Long",Fanling Highway near Pak Wo Road,831230,839889,22.49860284,114.127913,http://tdcctv.data.one.gov.hk/FH107F.JPG
FH106F,"Tai Po, North & Yuen Long",Fanling Highway near Sheung Shui Roundabout,830835,840099,22.50049801,114.1240735,http://tdcctv.data.one.gov.hk/FH106F.JPG
NH101F,"Tai Po, North & Yuen Long",Jockey Club Road near Fanling Highway,833134,838717,22.48802377,114.1464192,http://tdcctv.data.one.gov.hk/NH101F.JPG
NH109F,"Tai Po, North & Yuen Long",Jockey Club Road near Ma Sik Road,831879,840089,22.50041071,114.1342197,http://tdcctv.data.one.gov.hk/NH109F.JPG
TP114F,"Tai Po, North & Yuen Long",Nam Wan Road near Kwong Fuk Road,835760,834130,22.44660398,114.1719393,http://tdcctv.data.one.gov.hk/TP114F.JPG
BC103F,"Tai Po, North & Yuen Long",San Sham Road Roundabout,826468,840281,22.50212205,114.0816315,http://tdcctv.data.one.gov.hk/BC103F.JPG
BC101F,"Tai Po, North & Yuen Long",San Tin Highway near Fairview Park,823791,837083,22.4732254,114.0556398,http://tdcctv.data.one.gov.hk/BC101F.JPG
BC102F,"Tai Po, North & Yuen Long",San Tin Highway near Mai Po,824754,839246,22.4927649,114.0649812,http://tdcctv.data.one.gov.hk/BC102F.JPG
NH113F,"Tai Po, North & Yuen Long",San Wan Road near Lung Sum Avenue,831109,840382,22.50305446,114.1267355,http://tdcctv.data.one.gov.hk/NH113F.JPG
NH115F,"Tai Po, North & Yuen Long",Sha Tau Kok Road near Ma Sik Road,833195,840172,22.50116311,114.1470091,http://tdcctv.data.one.gov.hk/NH115F.JPG
TP105F,"Tai Po, North & Yuen Long",Tai Po Tai Wo Road near Nam Wan Road,835778,834638,22.45119145,114.172114,http://tdcctv.data.one.gov.hk/TP105F.JPG
TP112F,"Tai Po, North & Yuen Long",Tai Po Tai Wo Road near Tai Po Road- Tai Wo,834388,834749,22.45219287,114.1586098,http://tdcctv.data.one.gov.hk/TP112F.JPG
TP102F,"Tai Po, North & Yuen Long",Yuen Shin Road near Ting Kok Road,836313,835269,22.45688973,114.1773116,http://tdcctv.data.one.gov.hk/TP102F.JPG
ST115F,Shatin & Ma On Shan,Fo Tan Road,838396,827843,22.38982807,114.1975391,http://tdcctv.data.one.gov.hk/ST115F.JPG
ST725F,Shatin & Ma On Shan,Lion Rock Tunnel Road near Sun Tin Wai Estate,837409,825648,22.37000701,114.1879529,http://tdcctv.data.one.gov.hk/ST725F.JPG
ST731F,Shatin & Ma On Shan,Ma On Shan Bypass near Heng On Estate,841525,830492,22.41374312,114.227933,http://tdcctv.data.one.gov.hk/ST731F.JPG
ST732F,Shatin & Ma On Shan,Ma On Shan Bypass near Yiu On Estate,842077,830916,22.41757026,114.2332959,http://tdcctv.data.one.gov.hk/ST732F.JPG
ST112F,Shatin & Ma On Shan,Mei Tin Rd nr Che Kung Miu Rd Rbt,836511,825814,22.37150644,114.1792338,http://tdcctv.data.one.gov.hk/ST112F.JPG
ST117F,Shatin & Ma On Shan,Sai Sha Road near Ma On Shan Sports Ground,841411,831377,22.42173545,114.2268287,http://tdcctv.data.one.gov.hk/ST117F.JPG
ST119F,Shatin & Ma On Shan,Sai Sha Road/Kam Ying Road,842796,831981,22.42718513,114.2402838,http://tdcctv.data.one.gov.hk/ST119F.JPG
ST715F,Shatin & Ma On Shan,Sha Lek Highway near Prince Wales Hospital,838694,826489,22.37760035,114.2004308,http://tdcctv.data.one.gov.hk/ST715F.JPG
ST106F,Shatin & Ma On Shan,Sha Tin Wai Road/Sha Lek Highway Slip Road,838638,826524,22.3779165,114.1998871,http://tdcctv.data.one.gov.hk/ST106F.JPG
ST721F,Shatin & Ma On Shan,Shatin Road near Yuen Chau Kok Park,838800,827176,22.38380417,114.2014612,http://tdcctv.data.one.gov.hk/ST721F.JPG
SM933F,Shatin & Ma On Shan,Shing Mun Tunnel Road,836842,826509,22.37778258,114.1824479,http://tdcctv.data.one.gov.hk/SM933F.JPG
SM934F,Shatin & Ma On Shan,Shing Mun Tunnel Shatin Side,835988,827025,22.38244241,114.1741555,http://tdcctv.data.one.gov.hk/SM934F.JPG
ST109F,Shatin & Ma On Shan,Tai Chung Kiu Road near Ravana Garden,838987,827774,22.38920413,114.2032781,http://tdcctv.data.one.gov.hk/ST109F.JPG
ST114F,Shatin & Ma On Shan,Tai Po Road - Shatin Section,837603,827241,22.3843925,114.1898379,http://tdcctv.data.one.gov.hk/ST114F.JPG
ST703F,Shatin & Ma On Shan,Tai Po Road near MTR Racecourse Station,838614,828403,22.39488488,114.1996569,http://tdcctv.data.one.gov.hk/ST703F.JPG
ST712F1,Shatin & Ma On Shan,Tate's Cairn Highway near Shatin Hospital,839918,828795,22.39842255,114.2123212,http://tdcctv.data.one.gov.hk/ST712F1.JPG
ST714F,Shatin & Ma On Shan,Tate's Cairn Highway near Tai Shek Kwu,839799,827629,22.38789322,114.2111629,http://tdcctv.data.one.gov.hk/ST714F.JPG
TH110F,Shatin & Ma On Shan,Tolo Highway near HK Science Park,838321,833202,22.43822255,114.1968177,http://tdcctv.data.one.gov.hk/TH110F.JPG
TH114F,Shatin & Ma On Shan,Tolo Highway near Island House Interchange,836347,833929,22.44478893,114.1776419,http://tdcctv.data.one.gov.hk/TH114F.JPG
TH101F,Shatin & Ma On Shan,Tolo Highway near Ma Liu Shui Interchange,839945,830234,22.41141738,114.2125867,http://tdcctv.data.one.gov.hk/TH101F.JPG
TH703F,"Tai Po, North & Yuen Long",Tolo Highway near Ma Wo,834456,833474,22.44067912,114.1592719,http://tdcctv.data.one.gov.hk/TH703F.JPG
TH701F,"Tai Po, North & Yuen Long",Tolo Highway near Mui Shue Hang,833463,835209,22.45634561,114.1496225,http://tdcctv.data.one.gov.hk/TH701F.JPG
ST701F,Shatin & Ma On Shan,Tolo Highway near Sha Tin Sewage Treatment Works,839792,829761,22.40714628,114.2110997,http://tdcctv.data.one.gov.hk/ST701F.JPG
TC551F,Lantau,Kap Shui Mun Bridge,823943,822910,22.34523759,114.0572263,http://tdcctv.data.one.gov.hk/TC551F.JPG
TC573F,Lantau,Lantau Link near Toll Plaza,822059,822037,22.33733939,114.0389447,http://tdcctv.data.one.gov.hk/TC573F.JPG
NL126F,Lantau,North Lantau Highway near Pak Mong,814547,817700,22.2980955,113.9660833,http://tdcctv.data.one.gov.hk/NL126F.JPG
NL124F,Lantau,North Lantau Highway near Siu Ho Wan,817064,819024,22.31008185,113.9904935,http://tdcctv.data.one.gov.hk/NL124F.JPG
NL121F,Lantau,North Lantau Highway near Sunny Bay,820157,820671,22.3249869,114.0204954,http://tdcctv.data.one.gov.hk/NL121F.JPG
NL128F,Lantau,North Lantau Highway near Tung Chung,812644,816693,22.2889767,113.9476306,http://tdcctv.data.one.gov.hk/NL128F.JPG
PB106F,Lantau,Penny's Bay Highway,821732,820713,22.3253802,114.0357825,http://tdcctv.data.one.gov.hk/PB106F.JPG
TC560F,Lantau,Tsing Ma Bridge,825678,823558,22.35110094,114.074065,http://tdcctv.data.one.gov.hk/TC560F.JPG
FH706F,"Tai Po, North & Yuen Long",Fanling Highway near MTR Fanling Station,832332,839116,22.49162524,114.1386246,http://tdcctv.data.one.gov.hk/FH706F.JPG
ST922F,Shatin & Ma On Shan,Lion Rock Tunnel Road near Hung Mui Kuk Road,836822,825080,22.36487795,114.1822532,http://tdcctv.data.one.gov.hk/ST922F.JPG
SW103F,Tuen Mun & Tin Shui Wai,Kong Sham Western Highway near Ha Tsuen,815904,834270,22.44774713,113.9790409,http://tdcctv.data.one.gov.hk/SW103F.JPG
SW108F,Tuen Mun & Tin Shui Wai,Yuen Long Highway near Tan Kwai Tsuen,817765,831681,22.42438851,113.9971503,http://tdcctv.data.one.gov.hk/SW108F.JPG
TL102F,"Tai Po, North & Yuen Long",Tai Lam Tunnel - Yuen Long Side,824294,830115,22.41030489,114.0605797,http://tdcctv.data.one.gov.hk/TL102F.JPG
TL103F,Tuen Mun & Tin Shui Wai,Tai Lam Tunnel - Ting Kau Side,824945,826252,22.37542451,114.0669298,http://tdcctv.data.one.gov.hk/TL103F.JPG
TS102F,Tsuen Wan,Nam Wan Tunnel- Stonecutters Bridge side,829034,821746,22.33475496,114.1066537,http://tdcctv.data.one.gov.hk/TS102F.JPG
TS104F,Tsuen Wan,Tsing Sha Highway near Lai Chi Kok,832853,822590,22.34238857,114.1437231,http://tdcctv.data.one.gov.hk/TS104F.JPG
TS105F,Shatin & Ma On Shan,Sha Tin Heights Tunnel - Sha Tin Side,835713,825380,22.36758712,114.1714857,http://tdcctv.data.one.gov.hk/TS105F.JPG
TW701F,Tsuen Wan,Cheung Pei Shan Road near Mei Wan Street,829853,826388,22.37667801,114.1145851,http://tdcctv.data.one.gov.hk/TW701F.JPG
H702F,Hong Kong Island,Western Harbour Crossing Hong Kong Side,832714,816825,22.29032691,114.1423865,http://tdcctv.data.one.gov.hk/H702F.JPG
H703F,Hong Kong Island,Connaught Road West,832744,816646,22.28871049,114.142678,http://tdcctv.data.one.gov.hk/H703F.JPG
K901F,Kowloon,Western Harbour Crossing Kowloon Side,834653,818737,22.30759635,114.1612005,http://tdcctv.data.one.gov.hk/K901F.JPG
K931F,Kowloon,Tate's Cairn Tunnel Kowloon Side,839329,821626,22.33368375,114.2065874,http://tdcctv.data.one.gov.hk/K931F.JPG
K952F,Kowloon,Eastern Harbour Crossing Kowloon Side,842151,818052,22.30140107,114.2339672,http://tdcctv.data.one.gov.hk/K952F.JPG
ST942F,Shatin & Ma On Shan,Tate's Cairn Tunnel Shatin Side,839615,826984,22.38206891,114.2093748,http://tdcctv.data.one.gov.hk/ST942F.JPG
K121F,Kowloon,Canton Road near Salisbury Road,835484,817483,22.29627254,114.1692661,http://tdcctv.data.one.gov.hk/K121F.JPG
TL101F,"Tai Po, North & Yuen Long",Tsing Long Highway near Ko Po San Tsuen,823839,833278,22.43886499,114.056136,http://tdcctv.data.one.gov.hk/TL101F.JPG
TR706F,Tuen Mun & Tin Shui Wai,Tuen Mun Road near MTR Siu Hong Station,815928,830242,22.41137289,113.9793256,http://tdcctv.data.one.gov.hk/TR706F.JPG
TS101F,Tsuen Wan,Nam Wan Tunnel - Sai Tso Wan Side,827717,822693,22.34330086,114.0938645,http://tdcctv.data.one.gov.hk/TS101F.JPG
NL206F,Lantau,Shun Long Road near North Lantau Highway,815053,817871,22.29964603,113.9709987,http://tdcctv.data.one.gov.hk/NL206F.JPG
CW103F,Hong Kong Island,Central - Wan Chai Bypass near Central,834217,816498,22.28737633,114.1569719,http://tdcctv.data.one.gov.hk/CW103F.JPG
CW803F,Hong Kong Island,Central - Wan Chai Bypass near City Garden,837796,816776,22.28988738,114.191702,http://tdcctv.data.one.gov.hk/CW803F.JPG
AID08201,Lantau,North Lantau Highway near Tung Chung (N) - Eastbound,811644,817229,22.29380308,113.9379186,http://tdcctv.data.one.gov.hk/AID08201.JPG
AID08122,Lantau,North Lantau Highway near Tung Chung (N) - Westbound,811938,816912,22.29094,113.94077,http://tdcctv.data.one.gov.hk/AID08122.JPG
AID08218,Lantau,North Lantau Highway near Tung Yip Hang - Eastbound,818137,820134,22.3201174,114.0008947,http://tdcctv.data.one.gov.hk/AID08218.JPG
AID08107,Lantau,North Lantau Highway near Tung Yip Hang - Westbound,817943,819964,22.31858015,113.9990137,http://tdcctv.data.one.gov.hk/AID08107.JPG
AID08212,Lantau,North Lantau Highway near Tai Ho Wan - Eastbound,815896,818294,22.30347613,113.9791671,http://tdcctv.data.one.gov.hk/AID08212.JPG
AID08112,Lantau,North Lantau Highway near Tai Ho Wan - Westbound,816064,818405,22.3044805,113.9807961,http://tdcctv.data.one.gov.hk/AID08112.JPG
NL022F,Lantau,Tung Wing Road,811731,818807,22.30805,113.93874,http://tdcctv.data.one.gov.hk/NL022F.JPG
HH001F,"Tai Po, North & Yuen Long",Heung Yuen Wai Highway near Fanling Highway Interchange,833872,837592,22.47786575,114.1535925,http://tdcctv.data.one.gov.hk/HH001F.JPG
HH002F,"Tai Po, North & Yuen Long",Heung Yuen Wai Highway near Cheung Shan Tunnel North Portal,835662,843397,22.53028872,114.1709837,http://tdcctv.data.one.gov.hk/HH002F.JPG
HH003F,"Tai Po, North & Yuen Long",Heung Yuen Wai Highway near Ping Yeung Interchange,834720,844372,22.53909273,114.1618259,http://tdcctv.data.one.gov.hk/HH003F.JPG
HH004F,"Tai Po, North & Yuen Long",Heung Yuen Wai Highway near Lin Ma Hang Road Interchange,833782,845125,22.54589147,114.1527062,http://tdcctv.data.one.gov.hk/HH004F.JPG
GF0710,Kowloon,(Smart Lamppost)Wai Yip Street near Sheung Yuet Road,839822,820318,22.32187,114.21137,http://tdcctv.data.one.gov.hk/GF0710.JPG
DF3641,Kowloon,(Smart Lamppost)Shing Kai Road near Muk Chui Street,839128,821363,22.33131,114.2046,http://tdcctv.data.one.gov.hk/DF3641.JPG
AID03203,Kowloon,West Kowloon Highway Southbound near Hoi Lai Estate ,832503,821513,22.332597,114.140284,http://tdcctv.data.one.gov.hk/AID03203.JPG
AID03204,Kowloon,West Kowloon Highway Southbound near Hing Wah Street West,833364,821148,22.32936742,114.1486862,http://tdcctv.data.one.gov.hk/AID03204.JPG
AID03112,Kowloon,West Kowloon Highway Northbound near Hing Wah Street West,833449,821105,22.32897925,114.1495114,http://tdcctv.data.one.gov.hk/AID03112.JPG
AID03114,Kowloon,West Kowloon Highway Northbound near Tsing Sha Highway,832745,821404,22.331691,114.142678,http://tdcctv.data.one.gov.hk/AID03114.JPG
AID07103,Kowloon,Tseung Kwan O Road Westbound near Telephone Exchange,844773,819713,22.31638993,114.2594218,http://tdcctv.data.one.gov.hk/AID07103.JPG
AID07104,Kowloon,Tseung Kwan O Road near  Westbound near Tseung Kwan O Tunnel Portal,844351,820112,22.320006,114.255329,http://tdcctv.data.one.gov.hk/AID07104.JPG
AID09154,"Tai Po, North & Yuen Long",Fanling Highway Eastbound near So Kwun Po Road,831344,839895,22.498633,114.129019,http://tdcctv.data.one.gov.hk/AID09154.JPG
AID09157,"Tai Po, North & Yuen Long",Fanling Highway Eastbound near Pak Wo Road,838760,832885,22.488385,114.144002,http://tdcctv.data.one.gov.hk/AID09157.JPG
AID09252,"Tai Po, North & Yuen Long",Fanling Highway Westbound near Fanling Centre,832836,838768,22.48848374,114.1435232,http://tdcctv.data.one.gov.hk/AID09252.JPG
AID09254,"Tai Po, North & Yuen Long",Fanling Highway Westbound near Exit to So Kwun Po Road,831828,839589,22.49589538,114.1337255,http://tdcctv.data.one.gov.hk/AID09254.JPG
AID09255,"Tai Po, North & Yuen Long",Fanling Highway Westbound near Entrance from So Kwun Po Road,831335,839891,22.498459,114.128933,http://tdcctv.data.one.gov.hk/AID09255.JPG